CMakeLists.txt|src/extension/CMakeLists.txt
rust/Cargo.toml|src/extension/rust/Cargo.toml
rust/Cargo.lock|src/extension/rust/Cargo.lock
rust/src/lib.rs|src/extension/rust/src/lib.rs
include/sassy_c.h|src/extension/include/sassy_c.h
src/ducksassy_core.c|src/extension/src/ducksassy_core.c
src/ducksassy_core.h|src/extension/src/ducksassy_core.h
src/host_v1.c|src/extension/src/host_v1.c
src/sassy_backend.h|src/extension/src/sassy_backend.h
src/sassy_dispatch.c|src/extension/src/sassy_dispatch.c
duckdb_capi_v1/duckdb.h|src/extension/duckdb_capi/duckdb.h
duckdb_capi_v1/duckdb_extension.h|src/extension/duckdb_capi/duckdb_extension.h
duckdb_capi_v1/REVISION|src/extension/duckdb_capi/REVISION
third_party/rust/vendor.tar.xz|src/extension/third_party/rust/vendor.tar.xz
extension-ci-tools/scripts/append_extension_metadata.py|src/extension/extension-ci-tools/scripts/append_extension_metadata.py
duckdb_capi_v1/LICENSE|inst/licenses/DuckDB
